<?xml version="1.0" encoding="UTF-8"?>
<launch4jConfig>
  <dontWrapJar>false</dontWrapJar>
  <headerType>gui</headerType>
  <jar>C:\Users\DELL\Downloads\k\JEasyDOS.jar</jar>
  <outfile>C:\Users\DELL\Downloads\k\JEasyDOS.exe</outfile>
  <errTitle></errTitle>
  <cmdLine></cmdLine>
  <chdir>.</chdir>
  <priority>normal</priority>
  <downloadUrl>http://java.com/download</downloadUrl>
  <supportUrl>https://java.com/en/download/help/download_options.html</supportUrl>
  <stayAlive>false</stayAlive>
  <restartOnCrash>true</restartOnCrash>
  <manifest></manifest>
  <icon>C:\Users\DELL\Downloads\k\images\icon.ico</icon>
  <classPath>
    <mainClass>Jp</mainClass>
  </classPath>
  <jre>
    <path></path>
    <bundledJre64Bit>false</bundledJre64Bit>
    <bundledJreAsFallback>false</bundledJreAsFallback>
    <minVersion>8</minVersion>
    <maxVersion></maxVersion>
    <jdkPreference>preferJre</jdkPreference>
    <runtimeBits>64/32</runtimeBits>
  </jre>
  <versionInfo>
    <fileVersion>1.0.0.0</fileVersion>
    <txtFileVersion>1.0</txtFileVersion>
    <fileDescription>JEasyDOS is a DOSBox frontend written in Java</fileDescription>
    <copyright>Anybody Can Distribute JEasyDOS</copyright>
    <productVersion>1.0.0.0</productVersion>
    <txtProductVersion>1.0</txtProductVersion>
    <productName>JEasyDOS</productName>
    <companyName>Nikhil Tech</companyName>
    <internalName>JEasyDOS</internalName>
    <originalFilename>JEasyDOS.exe</originalFilename>
    <trademarks></trademarks>
    <language>ENGLISH_US</language>
  </versionInfo>
</launch4jConfig>